{
  "due_date": {
    "precision": 0.0,
    "recall": 0.0,
    "f1-score": 0.0,
    "support": 52,
    "confused_with": {
      "due_time": 50
    }
  },
  "task_status": {
    "precision": 0.0,
    "recall": 0.0,
    "f1-score": 0.0,
    "support": 6,
    "confused_with": {}
  },
  "note_keyword": {
    "precision": 0.5603448275862069,
    "recall": 0.5416666666666666,
    "f1-score": 0.5508474576271186,
    "support": 120,
    "confused_with": {
      "note_title": 7
    }
  },
  "due_to": {
    "precision": 0.0,
    "recall": 0.0,
    "f1-score": 0.0,
    "support": 2,
    "confused_with": {}
  },
  "priority": {
    "precision": 0.3191489361702128,
    "recall": 0.8333333333333334,
    "f1-score": 0.4615384615384616,
    "support": 18,
    "confused_with": {}
  },
  "search_query": {
    "precision": 0.0,
    "recall": 0.0,
    "f1-score": 0.0,
    "support": 5,
    "confused_with": {}
  },
  "due_from": {
    "precision": 0.0,
    "recall": 0.0,
    "f1-score": 0.0,
    "support": 2,
    "confused_with": {}
  },
  "due_time": {
    "precision": 0.2549019607843137,
    "recall": 1.0,
    "f1-score": 0.40625,
    "support": 26,
    "confused_with": {}
  },
  "task_label": {
    "precision": 0.0,
    "recall": 0.0,
    "f1-score": 0.0,
    "support": 3,
    "confused_with": {
      "note_title": 1
    }
  },
  "task_title": {
    "precision": 0.6170212765957447,
    "recall": 0.27531645569620256,
    "f1-score": 0.38074398249452956,
    "support": 316,
    "confused_with": {
      "due_date": 54
    }
  },
  "note_text": {
    "precision": 0.75,
    "recall": 0.3,
    "f1-score": 0.4285714285714285,
    "support": 30,
    "confused_with": {
      "task_title": 2
    }
  },
  "note_title": {
    "precision": 0.6666666666666666,
    "recall": 0.6666666666666666,
    "f1-score": 0.6666666666666666,
    "support": 102,
    "confused_with": {
      "task_title": 4
    }
  },
  "micro avg": {
    "precision": 0.46875,
    "recall": 0.39589442815249265,
    "f1-score": 0.4292527821939587,
    "support": 682
  },
  "macro avg": {
    "precision": 0.2640069723169287,
    "recall": 0.30141526019690573,
    "f1-score": 0.24121816640818372,
    "support": 682
  },
  "weighted avg": {
    "precision": 0.5353258571056542,
    "recall": 0.39589442815249265,
    "f1-score": 0.4195661708920246,
    "support": 682
  },
  "accuracy": 0.8172715894868585
}